{
    "Entities": [{
        "collisionsWillMove": 1,
        "compoundShapeURL": "atp:/kineticObjects/blueChair/Comfy_Chair_Blue_hull.obj",
        "created": "2016-03-29T17:37:52Z",
        "dimensions": {
            "x": 1.1764,
            "y": 1.4557,
            "z": 1.2657
        },
        "dynamic": 1,
        "gravity": {
            "x": 0,
            "y": -10,
            "z": 0
        },
        "id": "{51a44c3a-ec4a-4c79-8034-aeb5c45660b5}",
        "modelURL": "atp:/kineticObjects/blueChair/Comfy_Chair_Blue.fbx",
        "name": "home_model_comfyChair",
        "queryAACube": {
            "scale": 1.9147497415542603,
            "x": -0.95737487077713013,
            "y": -0.95737487077713013,
            "z": -0.95737487077713013
        },
        "rotation": {
            "w": 0.46746015548706055,
            "x": -0.0017547607421875,
            "y": 0.88400089740753174,
            "z": 0.0024261474609375
        },
        "shapeType": "compound",
        "type": "Model",
        "userData": "{\"hifiHomeKey\":{\"reset\":true}}"
    }],
    "Version": 57
}