{
    "Entities": [{
        "created": "2016-03-07T21:07:29Z",
        "name": "home_model_lowerBookShelf",
        "dimensions": {
            "x": 2.0069153308868408,
            "y": 0.0160951167345047,
            "z": 0.45006880164146423
        },
        "gravity": {
            "x": 0,
            "y": -10,
            "z": 0
        },
        "dynamic": 1,
        "id": "{9745b51e-7816-4de0-85d0-82432a0b8175}",
        "queryAACube": {
            "scale": 2.0568251609802246,
            "x": -1.0284125804901123,
            "y": -1.0284125804901123,
            "z": -1.0284125804901123
        },
        "rotation": {
            "w": -0.0063019990921020508,
            "x": 0.46935224533081055,
            "y": -0.011947810649871826,
            "z": -0.88293278217315674
        },
        "type": "Box",
        "userData": "{\"hifiHomeKey\":{\"reset\":true}}"
    }],
    "Version": 57
}