{
    "Entities": [{
        "created": "2016-03-15T21:26:11Z",
        "name": "home_model_upperBookShelf",
        "dimensions": {
            "x": 2.0069153308868408,
            "y": 0.0160951167345047,
            "z": 0.45006880164146423
        },
        "gravity": {
            "x": 0,
            "y": -10,
            "z": 0
        },
        "dynamic": 1,
        "id": "{ef35ce2a-fddb-44bf-bb1b-30d9fac70563}",
        "queryAACube": {
            "scale": 2.0568251609802246,
            "x": -1.0284125804901123,
            "y": -1.0284125804901123,
            "z": -1.0284125804901123
        },
        "rotation": {
            "w": -0.0064851045608520508,
            "x": 0.46929121017456055,
            "y": -0.012191951274871826,
            "z": -0.88293278217315674
        },
        "type": "Box",
        "userData": "{\"hifiHomeKey\":{\"reset\":true}}"
    }],
    "Version": 57
}