{
    "Entities": [{
        "clientOnly": 0,
        "created": "2016-08-15T22:32:50Z",
        "description": "hifi:gameTable:piece:chess",
        "dimensions": {
            "x": 0.071454532444477081,
            "y": 0.19834233820438385,
            "z": 0.071454532444477081
        },
        "velocity": {
            "x": 0,
            "y": -0.10,
            "z": 0
        },
        "shapeType": "box",
        "dynamic": "true",
        "gravity": {
            "x": 0,
            "y": -9.8,
            "z": 0
        },
        "id": "{b04b255d-73a2-465d-bb9b-4a6324c1ade2}",
        "marketplaceID": "31987a70-7a69-4ba8-b022-80f1d2320c93",
        "modelURL": "assets/chess/lowPoly/king_dk.fbx",
        "owningAvatarID": "{00000000-0000-0000-0000-000000000000}",
        "queryAACube": {
            "scale": 0.40935343503952026,
            "x": -0.20467671751976013,
            "y": -0.20467671751976013,
            "z": -0.20467671751976013
        },
        "registrationPoint": {
            "x": 0.5,
            "y": 0,
            "z": 0.5
        },
        "rotation": {
            "w": 0.22491762042045593,
            "x": -3.355839362484403e-05,
            "y": 0.97436141967773438,
            "z": -3.822671715170145e-06
        },
        "script": "snapToGrid.js",
        "type": "Model",
        "userData": "{\"grabbableKey\":{\"grabbable\":true}}"
    }],
    "Version": 62
}