{
    "Entities": [{
        "clientOnly": 0,
        "created": "2016-08-15T22:32:50Z",
        "description": "hifi:gameTable:piece:chess",
        "dimensions": {
            "x": 0.061823014169931412,
            "y": 0.12088797986507416,
            "z": 0.061823014169931412
        },
        "velocity": {
            "x": 0,
            "y": -0.10,
            "z": 0
        },
        "shapeType": "box",
        "dynamic": "true",
        "gravity": {
            "x": 0,
            "y": -9.8,
            "z": 0
        },
        "id": "{2bbe161c-4eab-4526-8519-8773fc2c3bc6}",
        "marketplaceID": "31987a70-7a69-4ba8-b022-80f1d2320c93",
        "modelURL": "assets/chess/lowPoly/knight_dk.fbx",
        "owningAvatarID": "{00000000-0000-0000-0000-000000000000}",
        "queryAACube": {
            "scale": 0.25709879398345947,
            "x": -0.12854939699172974,
            "y": -0.12854939699172974,
            "z": -0.12854939699172974
        },
        "registrationPoint": {
            "x": 0.5,
            "y": 0,
            "z": 0.5
        },
        "rotation": {
            "x": 0.000002262091129523469,
            "y": -0.7071065902709961,
            "z": -0.0000011765481531256228,
            "w": 0.7071069478988647
        },
        "script": "snapToGrid.js",
        "type": "Model",
        "userData": "{\"grabbableKey\":{\"grabbable\":true}}"
    }],
    "Version": 62
}