{
    "Entities": [{
        "clientOnly": 0,
        "created": "2016-08-15T22:32:50Z",
        "description": "hifi:gameTable:piece:chess",
        "dimensions": {
            "x": 0.060345374047756195,
            "y": 0.089723624289035797,
            "z": 0.060345374047756195
        },
        "velocity": {
            "x": 0,
            "y": -0.10,
            "z": 0
        },
        "shapeType": "box",
        "dynamic": "true",
        "gravity": {
            "x": 0,
            "y": -9.8,
            "z": 0
        },
        "id": "{320a7944-6e31-4ed0-9c94-18c4a82867f6}",
        "marketplaceID": "31987a70-7a69-4ba8-b022-80f1d2320c93",
        "modelURL": "assets/chess/lowPoly/pawn_dk.fbx",
        "owningAvatarID": "{00000000-0000-0000-0000-000000000000}",
        "queryAACube": {
            "scale": 0.19870693981647491,
            "x": -0.099353469908237457,
            "y": -0.099353469908237457,
            "z": -0.099353469908237457
        },
        "registrationPoint": {
            "x": 0.5,
            "y": 0,
            "z": 0.5
        },
        "rotation": {
            "w": 0.22491762042045593,
            "x": -3.355839362484403e-05,
            "y": 0.97436141967773438,
            "z": -3.822671715170145e-06
        },
        "script": "snapToGrid.js",
        "type": "Model",
        "userData": "{\"grabbableKey\":{\"grabbable\":true}}"
    }],
    "Version": 62
}