{
    "Entities": [{
        "clientOnly": 0,
        "created": "2016-08-15T22:32:50Z",
        "description": "hifi:gameTable:piece:chess",
        "dimensions": {
            "x": 0.071454532444477081,
            "y": 0.16649121046066284,
            "z": 0.071454532444477081
        },
        "velocity": {
            "x": 0,
            "y": -0.10,
            "z": 0
        },
        "shapeType": "box",
        "dynamic": "true",
        "gravity": {
            "x": 0,
            "y": -9.8,
            "z": 0
        },
        "id": "{d3768890-a7d2-473f-81a9-b1ff409b62c5}",
        "marketplaceID": "31987a70-7a69-4ba8-b022-80f1d2320c93",
        "modelURL": "assets/chess/lowPoly/queen_lt.fbx",
        "owningAvatarID": "{00000000-0000-0000-0000-000000000000}",
        "queryAACube": {
            "scale": 0.3479781448841095,
            "x": -0.17398907244205475,
            "y": -0.17398907244205475,
            "z": -0.17398907244205475
        },
        "registrationPoint": {
            "x": 0.5,
            "y": 0,
            "z": 0.5
        },
        "rotation": {
            "w": -0.97436833381652832,
            "x": -3.0403498385567218e-06,
            "y": 0.22488787770271301,
            "z": -3.822671715170145e-06
        },
        "script": "snapToGrid.js",
        "type": "Model",
        "userData": "{\"grabbableKey\":{\"grabbable\":true}}"
    }],
    "Version": 62
}