{
    "Entities": [{
        "clientOnly": 0,
        "created": "2016-08-15T22:32:50Z",
        "description": "hifi:gameTable:piece:chess",
        "dimensions": {
            "x": 0.065329268574714661,
            "y": 0.10833222419023514,
            "z": 0.065329268574714661
        },
        "velocity": {
            "x": 0,
            "y": -0.10,
            "z": 0
        },
        "shapeType": "box",
        "dynamic": "true",
        "gravity": {
            "x": 0,
            "y": -9.8,
            "z": 0
        },
        "id": "{db3ee0bd-214f-4ed0-bd4f-7d2e964028cf}",
        "marketplaceID": "31987a70-7a69-4ba8-b022-80f1d2320c93",
        "modelURL": "assets/chess/lowPoly/rook_lt.fbx",
        "owningAvatarID": "{00000000-0000-0000-0000-000000000000}",
        "queryAACube": {
            "scale": 0.23554044961929321,
            "x": -0.11777022480964661,
            "y": -0.11777022480964661,
            "z": -0.11777022480964661
        },
        "registrationPoint": {
            "x": 0.5,
            "y": 0,
            "z": 0.5
        },
        "rotation": {
            "w": -0.97436833381652832,
            "x": -3.0403498385567218e-06,
            "y": 0.22488787770271301,
            "z": -3.822671715170145e-06
        },
        "script": "snapToGrid.js",
        "type": "Model",
        "userData": "{\"grabbableKey\":{\"grabbable\":true}}"
    }],
    "Version": 62
}