{
  "RightShoulder": {
    "rotations": {
      "x": 0.5578474402427673,
      "y": -0.44214877486228943,
      "z": 0.4979960322380066,
      "w": 0.4952884614467621
    }
  },
  "RightArm": {
    "rotations": {
      "x": 0.6266362071037292,
      "y": -0.02882515825331211,
      "z": -0.3233867585659027,
      "w": 0.7084611654281616
    }
  },
  "RightForeArm": {
    "rotations": {
      "x": 0.00004018074105260894,
      "y": 0.06418406218290329,
      "z": -0.5193823575973511,
      "w": 0.8521281480789185
    }
  },
  "RightHand": {
    "rotations": {
      "x": -0.21368850767612457,
      "y": 0.02043931558728218,
      "z": -0.02227853797376156,
      "w": 0.9764339923858643
    }
  },
  "RightHandPinky1": {
    "rotations": {
      "x": -0.003497191471979022,
      "y": -0.01721140556037426,
      "z": 0.19736060500144958,
      "w": 0.980173647403717
    }
  },
  "RightHandPinky2": {
    "rotations": {
      "x": 0.000005483317181642633,
      "y": -0.00008023700502235442,
      "z": -0.06867633014917374,
      "w": 0.997639000415802
    }
  },
  "RightHandPinky3": {
    "rotations": {
      "x": 7.18885644346301e-8,
      "y": -2.7131383717460267e-7,
      "z": 0.007620905060321093,
      "w": 0.9999709725379944
    }
  },
  "RightHandPinky4": {
    "rotations": {
      "x": -5.719068774112657e-9,
      "y": 5.142213126418937e-7,
      "z": -0.0075718737207353115,
      "w": 0.999971330165863
    }
  },
  "RightHandRing1": {
    "rotations": {
      "x": -0.0013452530838549137,
      "y": -0.017564140260219574,
      "z": 0.0761696845293045,
      "w": 0.9969393610954285
    }
  },
  "RightHandRing2": {
    "rotations": {
      "x": 0.0000010375651982030831,
      "y": -0.00002211921673733741,
      "z": -0.04599710553884506,
      "w": 0.9989416003227234
    }
  },
  "RightHandRing3": {
    "rotations": {
      "x": -2.7102969868408877e-10,
      "y": 1.9202734335976857e-7,
      "z": 0.0016911650309339166,
      "w": 0.9999985694885254
    }
  },
  "RightHandRing4": {
    "rotations": {
      "x": 2.3246689018208144e-9,
      "y": -3.364403156069784e-8,
      "z": 0.0004951066803187132,
      "w": 0.9999998807907104
    }
  },
  "RightHandMiddle1": {
    "rotations": {
      "x": 0.0012630893616005778,
      "y": -0.017612185329198837,
      "z": -0.07168931514024734,
      "w": 0.9972707033157349
    }
  },
  "RightHandMiddle2": {
    "rotations": {
      "x": 2.3561028683616314e-7,
      "y": 0.000020313073036959395,
      "z": 0.011195243336260319,
      "w": 0.9999373555183411
    }
  },
  "RightHandMiddle3": {
    "rotations": {
      "x": 6.375214667286855e-8,
      "y": 4.750924631480302e-7,
      "z": 0.00237679248675704,
      "w": 0.9999971985816956
    }
  },
  "RightHandMiddle4": {
    "rotations": {
      "x": 6.717256439969788e-8,
      "y": 3.876683507542111e-8,
      "z": -0.005236906465142965,
      "w": 0.9999862909317017
    }
  },
  "RightHandIndex1": {
    "rotations": {
      "x": 0.002164300065487623,
      "y": -0.017346171662211418,
      "z": -0.12158434838056564,
      "w": 0.9924271702766418
    }
  },
  "RightHandIndex2": {
    "rotations": {
      "x": -0.00000143755482895358,
      "y": -0.0001614764187252149,
      "z": 0.008941099047660828,
      "w": 0.9999601244926453
    }
  },
  "RightHandIndex3": {
    "rotations": {
      "x": 7.458467621290765e-8,
      "y": 5.365728839024086e-7,
      "z": 0.03373909369111061,
      "w": 0.999430775642395
    }
  },
  "RightHandIndex4": {
    "rotations": {
      "x": 4.511302997833866e-10,
      "y": -2.259726272768603e-7,
      "z": -0.009632252156734467,
      "w": 0.9999536275863647
    }
  },
  "RightHandThumb1": {
    "rotations": {
      "x": -0.0783928632736206,
      "y": -0.3033908009529114,
      "z": -0.26653754711151123,
      "w": 0.9114638566970825
    }
  },
  "RightHandThumb2": {
    "rotations": {
      "x": 0.0031029442325234413,
      "y": 0.07382386922836304,
      "z": 0.005253761075437069,
      "w": 0.9972526431083679
    }
  },
  "RightHandThumb3": {
    "rotations": {
      "x": 0.0040440745651721954,
      "y": -0.04943573474884033,
      "z": 0.007246015593409538,
      "w": 0.9987428188323975
    }
  },
  "RightHandThumb4": {
    "rotations": {
      "x": -0.00009280416270485148,
      "y": -0.01658034883439541,
      "z": -0.00014316302258521318,
      "w": 0.999862551689148
    }
  },
  "LeftShoulder": {
    "rotations": {
      "x": 0.5578474402427673,
      "y": 0.44214877486228943,
      "z": -0.4979960322380066,
      "w": 0.4952884614467621
    }
  },
  "LeftArm": {
    "rotations": {
      "x": 0.626636266708374,
      "y": 0.028824958950281143,
      "z": 0.3233867585659027,
      "w": 0.7084611654281616
    }
  },
  "LeftForeArm": {
    "rotations": {
      "x": 0.00004015670492663048,
      "y": -0.06418408453464508,
      "z": 0.5193824768066406,
      "w": 0.8521282076835632
    }
  },
  "LeftHand": {
    "rotations": {
      "x": -0.21368853747844696,
      "y": -0.02043931558728218,
      "z": 0.02227853797376156,
      "w": 0.9764339923858643
    }
  },
  "LeftHandPinky1": {
    "rotations": {
      "x": -0.003497188910841942,
      "y": 0.01721140556037426,
      "z": -0.19736060500144958,
      "w": 0.980173647403717
    }
  },
  "LeftHandPinky2": {
    "rotations": {
      "x": 0.000005479304491018411,
      "y": 0.00008023556438274682,
      "z": 0.06867631524801254,
      "w": 0.997639000415802
    }
  },
  "LeftHandPinky3": {
    "rotations": {
      "x": 7.229602516645173e-8,
      "y": 2.709063835482084e-7,
      "z": -0.007620909716933966,
      "w": 0.9999709725379944
    }
  },
  "LeftHandPinky4": {
    "rotations": {
      "x": -5.52988677071653e-9,
      "y": -5.13755651354586e-7,
      "z": 0.007571868598461151,
      "w": 0.999971330165863
    }
  },
  "LeftHandRing1": {
    "rotations": {
      "x": -0.001345252152532339,
      "y": 0.017564138397574425,
      "z": -0.0761696845293045,
      "w": 0.9969393610954285
    }
  },
  "LeftHandRing2": {
    "rotations": {
      "x": 0.000001034482806971937,
      "y": 0.000022119218556326814,
      "z": 0.04599710553884506,
      "w": 0.9989416003227234
    }
  },
  "LeftHandRing3": {
    "rotations": {
      "x": -2.8012464570181805e-10,
      "y": -1.923183816643359e-7,
      "z": -0.0016911652637645602,
      "w": 0.9999985694885254
    }
  },
  "LeftHandRing4": {
    "rotations": {
      "x": -1.1168596047994583e-9,
      "y": 3.33529932561305e-8,
      "z": -0.0004951058072037995,
      "w": 0.9999998807907104
    }
  },
  "LeftHandMiddle1": {
    "rotations": {
      "x": 0.0012630895944312215,
      "y": 0.01761218160390854,
      "z": 0.07168931514024734,
      "w": 0.9972707033157349
    }
  },
  "LeftHandMiddle2": {
    "rotations": {
      "x": 2.37378529277521e-7,
      "y": -0.00002031277836067602,
      "z": -0.011195233091711998,
      "w": 0.9999373555183411
    }
  },
  "LeftHandMiddle3": {
    "rotations": {
      "x": 7.146466884933034e-8,
      "y": -4.7555812443533796e-7,
      "z": -0.0023767934180796146,
      "w": 0.9999971985816956
    }
  },
  "LeftHandMiddle4": {
    "rotations": {
      "x": 6.549178976911207e-8,
      "y": -3.865041975359418e-8,
      "z": 0.005236904136836529,
      "w": 0.9999862909317017
    }
  },
  "LeftHandIndex1": {
    "rotations": {
      "x": 0.002164299599826336,
      "y": 0.017346171662211418,
      "z": 0.12158433347940445,
      "w": 0.9924271702766418
    }
  },
  "LeftHandIndex2": {
    "rotations": {
      "x": -0.000001437780269952782,
      "y": 0.00016147761198226362,
      "z": -0.008941099047660828,
      "w": 0.9999601244926453
    }
  },
  "LeftHandIndex3": {
    "rotations": {
      "x": 7.61426193207626e-8,
      "y": -5.373883027459669e-7,
      "z": -0.03373908996582031,
      "w": 0.999430775642395
    }
  },
  "LeftHandIndex4": {
    "rotations": {
      "x": -5.311697748311417e-10,
      "y": 2.26380109324964e-7,
      "z": 0.009632255882024765,