{
    "Entities": [
        {
            "angularVelocity": {
                "x": -0.0072839395143091679,
                "y": -1.4833116438239813e-05,
                "z": -0.011739200912415981
            },
            "clientOnly": 0,
            "collisionsWillMove": 1,
            "created": "2016-09-12T18:12:48Z",
            "description": "hifi:gameTable:piece:dice",
            "dimensions": {
                "x": 0.10999999940395355,
                "y": 0.10999999940395355,
                "z": 0.11001257598400116
            },
            "dynamic": 1,
            "gravity": {
                "x": 0,
                "y": -10,
                "z": 0
            },
            "id": "{18424328-df9d-4a6f-9c64-b9e51de43534}",
            "modelURL": "assets/dice/newDice3e.fbx",
            "name": "Dice",
            "owningAvatarID": "{00000000-0000-0000-0000-000000000000}",
            "queryAACube": {
                "scale": 0.19053284823894501,
                "x": -0.095266424119472504,
                "y": -0.095266424119472504,
                "z": -0.095266424119472504
            },
            "rotation": {
                "w": -0.11395101994276047,
                "x": 0.13233229517936707,
                "y": 0.69715219736099243,
                "z": 0.69532883167266846
            },
            "shapeType": "box",
            "type": "Model"
        }
    ],
    "Version": 64
}
